<?xml version="1.0" encoding="UTF-8"?>
<GenRun Id="impl_1" LaunchPart="xc7a100tcsg324-1" LaunchTime="1670400997">
  <File Type="ROUTE-PWR" Name="CoreMin_power_routed.rpt"/>
  <File Type="PA-TCL" Name="CoreMin.tcl"/>
  <File Type="BITSTR-MMI" Name="CoreMin.mmi"/>
  <File Type="OPT-METHODOLOGY-DRC" Name="CoreMin_methodology_drc_opted.rpt"/>
  <File Type="INIT-TIMING" Name="CoreMin_timing_summary_init.rpt"/>
  <File Type="ROUTE-PWR-SUM" Name="CoreMin_power_summary_routed.pb"/>
  <File Type="REPORTS-TCL" Name="CoreMin_reports.tcl"/>
  <File Type="OPT-TIMING" Name="CoreMin_timing_summary_opted.rpt"/>
  <File Type="OPT-DCP" Name="CoreMin_opt.dcp"/>
  <File Type="OPT-DRC" Name="CoreMin_drc_opted.rpt"/>
  <File Type="OPT-HWDEF" Name="CoreMin.hwdef"/>
  <File Type="PWROPT-DCP" Name="CoreMin_pwropt.dcp"/>
  <File Type="PWROPT-DRC" Name="CoreMin_drc_pwropted.rpt"/>
  <File Type="PWROPT-TIMING" Name="CoreMin_timing_summary_pwropted.rpt"/>
  <File Type="PLACE-DCP" Name="CoreMin_placed.dcp"/>
  <File Type="PLACE-IO" Name="CoreMin_io_placed.rpt"/>
  <File Type="PLACE-CLK" Name="CoreMin_clock_utilization_placed.rpt"/>
  <File Type="PLACE-UTIL" Name="CoreMin_utilization_placed.rpt"/>
  <File Type="PLACE-UTIL-PB" Name="CoreMin_utilization_placed.pb"/>
  <File Type="PLACE-CTRL" Name="CoreMin_control_sets_placed.rpt"/>
  <File Type="PLACE-SIMILARITY" Name="CoreMin_incremental_reuse_placed.rpt"/>
  <File Type="PLACE-PRE-SIMILARITY" Name="CoreMin_incremental_reuse_pre_placed.rpt"/>
  <File Type="BG-BIN" Name="CoreMin.bin"/>
  <File Type="PLACE-TIMING" Name="CoreMin_timing_summary_placed.rpt"/>
  <File Type="POSTPLACE-PWROPT-DCP" Name="CoreMin_postplace_pwropt.dcp"/>
  <File Type="BITSTR-MSK" Name="CoreMin.msk"/>
  <File Type="POSTPLACE-PWROPT-TIMING" Name="CoreMin_timing_summary_postplace_pwropted.rpt"/>
  <File Type="PHYSOPT-DCP" Name="CoreMin_physopt.dcp"/>
  <File Type="PHYSOPT-DRC" Name="CoreMin_drc_physopted.rpt"/>
  <File Type="BITSTR-RBT" Name="CoreMin.rbt"/>
  <File Type="PHYSOPT-TIMING" Name="CoreMin_timing_summary_physopted.rpt"/>
  <File Type="ROUTE-ERROR-DCP" Name="CoreMin_routed_error.dcp"/>
  <File Type="ROUTE-DCP" Name="CoreMin_routed.dcp"/>
  <File Type="ROUTE-BLACKBOX-DCP" Name="CoreMin_routed_bb.dcp"/>
  <File Type="ROUTE-DRC" Name="CoreMin_drc_routed.rpt"/>
  <File Type="ROUTE-DRC-PB" Name="CoreMin_drc_routed.pb"/>
  <File Type="ROUTE-DRC-RPX" Name="CoreMin_drc_routed.rpx"/>
  <File Type="ROUTE-METHODOLOGY-DRC" Name="CoreMin_methodology_drc_routed.rpt"/>
  <File Type="ROUTE-METHODOLOGY-DRC-RPX" Name="CoreMin_methodology_drc_routed.rpx"/>
  <File Type="ROUTE-METHODOLOGY-DRC-PB" Name="CoreMin_methodology_drc_routed.pb"/>
  <File Type="ROUTE-PWR-RPX" Name="CoreMin_power_routed.rpx"/>
  <File Type="ROUTE-STATUS" Name="CoreMin_route_status.rpt"/>
  <File Type="ROUTE-STATUS-PB" Name="CoreMin_route_status.pb"/>
  <File Type="ROUTE-TIMINGSUMMARY" Name="CoreMin_timing_summary_routed.rpt"/>
  <File Type="ROUTE-TIMING-PB" Name="CoreMin_timing_summary_routed.pb"/>
  <File Type="ROUTE-TIMING-RPX" Name="CoreMin_timing_summary_routed.rpx"/>
  <File Type="ROUTE-SIMILARITY" Name="CoreMin_incremental_reuse_routed.rpt"/>
  <File Type="ROUTE-CLK" Name="CoreMin_clock_utilization_routed.rpt"/>
  <File Type="ROUTE-BUS-SKEW" Name="CoreMin_bus_skew_routed.rpt"/>
  <File Type="ROUTE-BUS-SKEW-PB" Name="CoreMin_bus_skew_routed.pb"/>
  <File Type="ROUTE-BUS-SKEW-RPX" Name="CoreMin_bus_skew_routed.rpx"/>
  <File Type="POSTROUTE-PHYSOPT-DCP" Name="CoreMin_postroute_physopt.dcp"/>
  <File Type="POSTROUTE-PHYSOPT-BLACKBOX-DCP" Name="CoreMin_postroute_physopt_bb.dcp"/>
  <File Type="POSTROUTE-PHYSOPT-TIMING" Name="CoreMin_timing_summary_postroute_physopted.rpt"/>
  <File Type="POSTROUTE-PHYSOPT-TIMING-PB" Name="CoreMin_timing_summary_postroute_physopted.pb"/>
  <File Type="POSTROUTE-PHYSOPT-TIMING-RPX" Name="CoreMin_timing_summary_postroute_physopted.rpx"/>
  <File Type="POSTROUTE-PHYSOPT-BUS-SKEW" Name="CoreMin_bus_skew_postroute_physopted.rpt"/>
  <File Type="BG-BIT" Name="CoreMin.bit"/>
  <File Type="POSTROUTE-PHYSOPT-BUS-SKEW-PB" Name="CoreMin_bus_skew_postroute_physopted.pb"/>
  <File Type="POSTROUTE-PHYSOPT-BUS-SKEW-RPX" Name="CoreMin_bus_skew_postroute_physopted.rpx"/>
  <File Type="BITSTR-NKY" Name="CoreMin.nky"/>
  <File Type="BITSTR-BMM" Name="CoreMin_bd.bmm"/>
  <File Type="PDI-FILE" Name="CoreMin.pdi"/>
  <File Type="RCFI_FILE" Name="CoreMin.rcfi"/>
  <File Type="CFI_FILE" Name="CoreMin.cfi"/>
  <File Type="RNPI_FILE" Name="CoreMin.rnpi"/>
  <File Type="NPI_FILE" Name="CoreMin.npi"/>
  <File Type="RBD_FILE" Name="CoreMin.rbd"/>
  <File Type="BITSTR-LTX" Name="debug_nets.ltx"/>
  <File Type="BITSTR-LTX" Name="CoreMin.ltx"/>
  <File Type="BITSTR-SYSDEF" Name="CoreMin.sysdef"/>
  <File Type="BG-BGN" Name="CoreMin.bgn"/>
  <File Type="BG-DRC" Name="CoreMin.drc"/>
  <File Type="RDI-RDI" Name="CoreMin.vdi"/>
  <File Type="WBT-USG" Name="usage_statistics_webtalk.html"/>
  <File Type="ROUTE-RQS" Name="CoreMin_routed.rqs"/>
  <File Type="POSTROUTE-PHYSOPT-RQS" Name="CoreMin_postroute_physopted.rqs"/>
  <File Type="ROUTE-RQS-RPT" Name="route_report_qor_suggestions_0.rpt"/>
  <File Type="POSTROUTE-PHYSOPT-RQS-RPT" Name="postroute_physopt_report_qor_suggestions_0.rpt"/>
  <FileSet Name="sources" Type="DesignSrcs" RelSrcDir="$PSRCDIR/sources_1" RelGenDir="$PGENDIR/sources_1">
    <Filter Type="Srcs"/>
    <File Path="$PSRCDIR/sources_1/new/macro.v">
      <FileInfo>
        <Attr Name="IsGlobalInclude" Val="1"/>
        <Attr Name="UsedIn" Val="synthesis"/>
        <Attr Name="UsedIn" Val="implementation"/>
        <Attr Name="UsedIn" Val="simulation"/>
      </FileInfo>
    </File>
    <File Path="$PSRCDIR/sources_1/new/CP0.v">
      <FileInfo>
        <Attr Name="UsedIn" Val="synthesis"/>
        <Attr Name="UsedIn" Val="implementation"/>
        <Attr Name="UsedIn" Val="simulation"/>
      </FileInfo>
    </File>
    <File Path="$PSRCDIR/sources_1/new/Core.v">
      <FileInfo>
        <Attr Name="UsedIn" Val="synthesis"/>
        <Attr Name="UsedIn" Val="implementation"/>
        <Attr Name="UsedIn" Val="simulation"/>
      </FileInfo>
    </File>
    <File Path="$PSRCDIR/sources_1/new/Ctrl.v">
      <FileInfo>
        <Attr Name="UsedIn" Val="synthesis"/>
        <Attr Name="UsedIn" Val="implementation"/>
        <Attr Name="UsedIn" Val="simulation"/>
      </FileInfo>
    </File>
    <File Path="$PSRCDIR/sources_1/new/DIV.v">
      <FileInfo>
        <Attr Name="UsedIn" Val="synthesis"/>
        <Attr Name="UsedIn" Val="implementation"/>
        <Attr Name="UsedIn" Val="simulation"/>
      </FileInfo>
    </File>
    <File Path="$PSRCDIR/sources_1/new/DatRam.v">
      <FileInfo>
        <Attr Name="UsedIn" Val="synthesis"/>
        <Attr Name="UsedIn" Val="implementation"/>
        <Attr Name="UsedIn" Val="simulation"/>
      </FileInfo>
    </File>
    <File Path="$PSRCDIR/sources_1/new/EX.v">
      <FileInfo>
        <Attr Name="UsedIn" Val="synthesis"/>
        <Attr Name="UsedIn" Val="implementation"/>
        <Attr Name="UsedIn" Val="simulation"/>
      </FileInfo>
    </File>
    <File Path="$PSRCDIR/sources_1/new/EXtoMEM.v">
      <FileInfo>
        <Attr Name="UsedIn" Val="synthesis"/>
        <Attr Name="UsedIn" Val="implementation"/>
        <Attr Name="UsedIn" Val="simulation"/>
      </FileInfo>
    </File>
    <File Path="$PSRCDIR/sources_1/new/HiLo.v">
      <FileInfo>
        <Attr Name="UsedIn" Val="synthesis"/>
        <Attr Name="UsedIn" Val="implementation"/>
        <Attr Name="UsedIn" Val="simulation"/>
      </FileInfo>
    </File>
    <File Path="$PSRCDIR/sources_1/new/ID.v">
      <FileInfo>
        <Attr Name="UsedIn" Val="synthesis"/>
        <Attr Name="UsedIn" Val="implementation"/>
        <Attr Name="UsedIn" Val="simulation"/>
      </FileInfo>
    </File>
    <File Path="$PSRCDIR/sources_1/new/IDtoEX.v">
      <FileInfo>
        <Attr Name="UsedIn" Val="synthesis"/>
        <Attr Name="UsedIn" Val="implementation"/>
        <Attr Name="UsedIn" Val="simulation"/>
      </FileInfo>
    </File>
    <File Path="$PSRCDIR/sources_1/new/IFtoID.v">
      <FileInfo>
        <Attr Name="UsedIn" Val="synthesis"/>
        <Attr Name="UsedIn" Val="implementation"/>
        <Attr Name="UsedIn" Val="simulation"/>
      </FileInfo>
    </File>
    <File Path="$PSRCDIR/sources_1/new/InsRom.v">
      <FileInfo>
        <Attr Name="UsedIn" Val="synthesis"/>
        <Attr Name="UsedIn" Val="implementation"/>
        <Attr Name="UsedIn" Val="simulation"/>
      </FileInfo>
    </File>
    <File Path="$PSRCDIR/sources_1/new/LLbit.v">
      <FileInfo>
        <Attr Name="UsedIn" Val="synthesis"/>
        <Attr Name="UsedIn" Val="implementation"/>
        <Attr Name="UsedIn" Val="simulation"/>
      </FileInfo>
    </File>
    <File Path="$PSRCDIR/sources_1/new/MEM.v">
      <FileInfo>
        <Attr Name="UsedIn" Val="synthesis"/>
        <Attr Name="UsedIn" Val="implementation"/>
        <Attr Name="UsedIn" Val="simulation"/>
      </FileInfo>
    </File>
    <File Path="$PSRCDIR/sources_1/new/MEMtoWB.v">
      <FileInfo>
        <Attr Name="UsedIn" Val="synthesis"/>
        <Attr Name="UsedIn" Val="implementation"/>
        <Attr Name="UsedIn" Val="simulation"/>
      </FileInfo>
    </File>
    <File Path="$PSRCDIR/sources_1/new/PC.v">
      <FileInfo>
        <Attr Name="UsedIn" Val="synthesis"/>
        <Attr Name="UsedIn" Val="implementation"/>
        <Attr Name="UsedIn" Val="simulation"/>
      </FileInfo>
    </File>
    <File Path="$PSRCDIR/sources_1/new/REGISTERS.v">
      <FileInfo>
        <Attr Name="UsedIn" Val="synthesis"/>
        <Attr Name="UsedIn" Val="implementation"/>
        <Attr Name="UsedIn" Val="simulation"/>
      </FileInfo>
    </File>
    <File Path="$PSRCDIR/sources_1/new/CoreMin.v">
      <FileInfo>
        <Attr Name="UsedIn" Val="synthesis"/>
        <Attr Name="UsedIn" Val="implementation"/>
        <Attr Name="UsedIn" Val="simulation"/>
      </FileInfo>
    </File>
    <Config>
      <Option Name="DesignMode" Val="RTL"/>
      <Option Name="TopModule" Val="CoreMin"/>
      <Option Name="TopAutoSet" Val="TRUE"/>
    </Config>
  </FileSet>
  <FileSet Name="constrs_in" Type="Constrs" RelSrcDir="$PSRCDIR/constrs_1">
    <Filter Type="Constrs"/>
    <File Path="$PSRCDIR/constrs_1/imports/new/FPGAOL.xdc">
      <FileInfo>
        <Attr Name="ImportPath" Val="$PPRDIR/../../MJH_MIPS/MJH_MIPS.srcs/constrs_1/imports/new/FPGAOL.xdc"/>
        <Attr Name="ImportTime" Val="1667392483"/>
        <Attr Name="UsedIn" Val="synthesis"/>
        <Attr Name="UsedIn" Val="implementation"/>
      </FileInfo>
    </File>
    <Config>
      <Option Name="ConstrsType" Val="XDC"/>
    </Config>
  </FileSet>
  <FileSet Name="utils" Type="Utils" RelSrcDir="$PSRCDIR/utils_1">
    <Filter Type="Utils"/>
    <File Path="$PSRCDIR/utils_1/imports/synth_1/CoreMin.dcp">
      <FileInfo>
        <Attr Name="UsedIn" Val="synthesis"/>
        <Attr Name="UsedIn" Val="implementation"/>
        <Attr Name="UsedInSteps" Val="synth_1"/>
        <Attr Name="UsedInSteps" Val="synth_1_copy_1"/>
        <Attr Name="AutoDcp" Val="1"/>
      </FileInfo>
    </File>
    <Config>
      <Option Name="TopAutoSet" Val="TRUE"/>
    </Config>
  </FileSet>
  <Strategy Version="1" Minor="2">
    <StratHandle Name="Vivado Implementation Defaults" Flow="Vivado Implementation 2022">
      <Desc>Default settings for Implementation.</Desc>
    </StratHandle>
    <Step Id="init_design"/>
    <Step Id="opt_design"/>
    <Step Id="power_opt_design"/>
    <Step Id="place_design"/>
    <Step Id="post_place_power_opt_design"/>
    <Step Id="phys_opt_design"/>
    <Step Id="route_design"/>
    <Step Id="post_route_phys_opt_design"/>
    <Step Id="write_bitstream"/>
  </Strategy>
</GenRun>
